,created_at,product_code,customer_code,status,tipo,nome_tipo
0,2023-05-11 13:01:33,123864811,56613782,NORMAL,6,Anta
2,2023-05-11 13:01:35,135075245,8265203,NORMAL,6,Anta
9,2023-05-11 13:02:59,135052582,56635266,NORMAL,6,Anta
18,2023-05-11 13:01:48,53897037,14669312,NORMAL,6,Anta
22,2023-05-11 13:01:48,53827338,3361113,NORMAL,6,Anta
27,2023-05-11 13:01:48,87360421,1767290,NORMAL,6,Anta
43,2023-05-11 13:01:48,53936458,14675127,NORMAL,6,Anta
51,2023-05-11 13:02:36,69604825,37662193,CRITICO,6,Anta
56,2023-05-11 13:01:49,53697032,14678502,CRITICO,6,Anta
60,2023-05-11 13:01:48,54054327,14629738,NORMAL,6,Anta
64,2023-05-11 13:01:48,93521761,3664759,NORMAL,6,Anta
66,2023-05-11 13:01:49,53940620,14642783,NORMAL,6,Anta
79,2023-05-11 13:01:35,123867281,56614796,NORMAL,6,Anta
93,2023-05-11 13:01:48,53926679,14624420,NORMAL,6,Anta
95,2023-05-11 13:01:35,123861087,56612633,NORMAL,6,Anta
120,2023-05-11 16:15:19,128225709,55635102,NORMAL,6,Anta
124,2023-05-11 13:01:34,123863927,56613532,NORMAL,6,Anta
140,2023-05-11 13:01:34,124449376,56697888,CRITICO,6,Anta
152,2023-05-11 13:01:49,75419450,4769678,CRITICO,6,Anta
153,2023-05-11 13:01:48,53653939,14651289,CRITICO,6,Anta
154,2023-05-11 13:02:58,72831313,31658516,NORMAL,6,Anta
182,2023-05-11 13:01:36,125864088,9961892,NORMAL,6,Anta
186,2023-05-11 13:01:34,124450943,56698109,CRITICO,6,Anta
190,2023-05-11 13:01:34,123862299,56613015,NORMAL,6,Anta
220,2023-05-11 13:01:36,130389684,10685846,NORMAL,6,Anta
224,2023-05-11 13:01:49,54004397,14690669,NORMAL,6,Anta
228,2023-05-11 13:01:48,133815124,57675887,NORMAL,6,Anta
243,2023-05-11 13:01:48,54135069,14650040,NORMAL,6,Anta
246,2023-05-11 13:02:58,135048296,12614852,NORMAL,6,Anta
258,2023-05-11 13:01:34,124450594,56698052,CRITICO,6,Anta
273,2023-05-11 13:01:48,53804099,14617929,NORMAL,6,Anta
282,2023-05-11 13:01:49,77562421,14686813,NORMAL,6,Anta
286,2023-05-11 13:02:57,135047948,37693398,NORMAL,6,Anta
293,2023-05-11 13:01:48,55769599,14625251,NORMAL,6,Anta
296,2023-05-11 13:02:57,135046868,38634628,NORMAL,6,Anta
297,2023-05-11 13:01:34,123865064,56613869,NORMAL,6,Anta
300,2023-05-11 13:01:34,123860188,56612327,NORMAL,6,Anta
308,2023-05-11 13:01:48,108321737,10657630,NORMAL,6,Anta
312,2023-05-11 13:01:46,77611669,3266965,CRITICO,6,Anta
331,2023-05-11 13:01:34,108609376,47614404,NORMAL,6,Anta
352,2023-05-11 13:01:48,54170843,14612860,NORMAL,6,Anta
358,2023-05-11 13:01:34,123868083,56615274,NORMAL,6,Anta
370,2023-05-11 13:01:49,54127665,14621342,NORMAL,6,Anta
384,2023-05-11 13:01:48,53678524,14600389,CRITICO,6,Anta
403,2023-05-11 13:01:36,135075639,36603282,NORMAL,6,Anta
413,2023-05-11 13:01:48,86051882,2063487,NORMAL,6,Anta
430,2023-05-11 13:01:47,103918856,39688097,NORMAL,6,Anta
448,2023-05-11 13:02:56,135039385,46647744,NORMAL,6,Anta
468,2023-05-11 13:01:34,123865344,56613953,NORMAL,6,Anta
489,2023-05-11 13:01:48,53935081,14663600,NORMAL,6,Anta
495,2023-05-11 13:01:30,135342956,39622488,NORMAL,6,Anta
496,2023-05-11 13:01:34,123863047,56613263,NORMAL,6,Anta
498,2023-05-11 13:01:48,54171482,14696202,NORMAL,6,Anta
507,2023-05-11 13:01:48,53905596,14663533,NORMAL,6,Anta
509,2023-05-11 13:01:48,53910884,14672514,NORMAL,6,Anta
518,2023-05-11 13:01:47,55493974,2269983,CRITICO,6,Anta
532,2023-05-11 13:01:35,123860200,56612331,NORMAL,6,Anta
539,2023-05-11 13:01:48,53681005,14623641,CRITICO,6,Anta
548,2023-05-11 13:01:34,123862672,56613141,NORMAL,6,Anta
559,2023-05-11 13:01:47,103809797,39614887,NORMAL,6,Anta
582,2023-05-11 13:01:47,93567930,2666315,NORMAL,6,Anta
588,2023-05-11 13:01:47,75910092,2668947,NORMAL,6,Anta
590,2023-05-11 13:01:33,123865050,56613862,NORMAL,6,Anta
595,2023-05-11 13:01:48,70500807,2666379,NORMAL,6,Anta
608,2023-05-11 13:01:34,123861945,56612891,NORMAL,6,Anta
617,2023-05-11 13:02:56,135041469,7463379,NORMAL,6,Anta
624,2023-05-11 13:01:35,123866339,56614349,NORMAL,6,Anta
650,2023-05-11 13:01:34,134498432,56612263,CRITICO,6,Anta
655,2023-05-11 13:02:55,81399449,40653003,NORMAL,6,Anta
664,2023-05-11 13:01:34,123863307,56613354,NORMAL,6,Anta
667,2023-05-11 13:01:47,67783127,2560635,NORMAL,6,Anta
669,2023-05-11 13:01:32,108626672,47616060,NORMAL,6,Anta
671,2023-05-11 13:01:34,123860421,56612427,NORMAL,6,Anta
672,2023-05-11 13:02:55,135036587,35630836,NORMAL,6,Anta
673,2023-05-11 13:02:55,135045742,39691464,NORMAL,6,Anta
688,2023-05-11 13:01:48,85597454,2860258,NORMAL,6,Anta
698,2023-05-11 13:02:55,135044867,56699704,NORMAL,6,Anta
702,2023-05-11 13:01:47,85420882,2662403,CRITICO,6,Anta
711,2023-05-11 13:01:33,123863255,56613341,NORMAL,6,Anta
719,2023-05-11 13:02:55,81399455,40664417,NORMAL,6,Anta
721,2023-05-11 13:01:32,108609435,47614436,NORMAL,6,Anta
743,2023-05-11 13:01:34,123863565,56613420,NORMAL,6,Anta
744,2023-05-11 13:01:36,130389258,12611477,NORMAL,6,Anta
751,2023-05-11 13:01:48,60864159,33689149,NORMAL,6,Anta
753,2023-05-11 13:01:48,97765093,776050,NORMAL,6,Anta
765,2023-05-11 13:01:48,54078736,14601843,NORMAL,6,Anta
769,2023-05-11 13:02:55,135043576,27601229,NORMAL,6,Anta
771,2023-05-11 13:01:34,124449389,56697890,CRITICO,6,Anta
774,2023-05-11 13:02:55,81399008,24635382,NORMAL,6,Anta
778,2023-05-11 13:01:47,85832336,3468931,NORMAL,6,Anta
788,2023-05-11 13:01:35,123859630,56612146,NORMAL,6,Anta
814,2023-05-11 13:01:33,108026078,46687609,NORMAL,6,Anta
830,2023-05-11 13:02:54,135041469,7463379,NORMAL,6,Anta
838,2023-05-11 13:01:35,123862182,56612976,NORMAL,6,Anta
847,2023-05-11 13:01:47,135566605,44605540,NORMAL,6,Anta
850,2023-05-11 13:01:48,54122344,14661150,NORMAL,6,Anta
864,2023-05-11 13:01:46,100017214,1367207,NORMAL,6,Anta
875,2023-05-11 13:01:36,134501496,10687059,CRITICO,6,Anta
893,2023-05-11 13:01:48,124131599,56653174,CRITICO,6,Anta
903,2023-05-11 13:01:32,108609682,47614556,NORMAL,6,Anta
907,2023-05-11 13:01:48,85318211,2861892,NORMAL,6,Anta
914,2023-05-11 13:01:48,77971518,3362861,NORMAL,6,Anta
918,2023-05-11 13:01:47,134991826,25634922,CRITICO,6,Anta
919,2023-05-11 13:01:34,108609697,47614562,NORMAL,6,Anta
929,2023-05-11 13:01:48,77991107,3362632,NORMAL,6,Anta
938,2023-05-11 13:02:54,135034316,2463229,NORMAL,6,Anta
939,2023-05-11 13:01:47,77611424,2666303,CRITICO,6,Anta
948,2023-05-11 13:01:48,53800827,11635381,NORMAL,6,Anta
980,2023-05-11 13:01:31,121585020,45645767,NORMAL,6,Anta
987,2023-05-11 13:01:33,103336071,46604301,NORMAL,6,Anta
990,2023-05-11 13:01:47,97503214,2569014,NORMAL,6,Anta
1012,2023-05-11 13:01:34,108622740,47615659,NORMAL,6,Anta
1022,2023-05-11 13:01:35,123867157,56614729,NORMAL,6,Anta
1048,2023-05-11 13:01:34,123859209,56611991,NORMAL,6,Anta
1070,2023-05-11 13:01:33,123865854,56614161,NORMAL,6,Anta
1079,2023-05-11 13:01:47,86049814,2061454,NORMAL,6,Anta
1103,2023-05-11 13:01:46,99097654,44674877,NORMAL,6,Anta
1110,2023-05-11 13:01:32,108627312,47616265,NORMAL,6,Anta
1116,2023-05-11 13:02:50,81373942,27616076,NORMAL,6,Anta
1125,2023-05-11 13:01:35,123864413,56613664,NORMAL,6,Anta
1126,2023-05-11 13:01:46,103207014,916894,NORMAL,6,Anta
1127,2023-05-11 13:01:47,135341165,44663567,NORMAL,6,Anta
1128,2023-05-11 13:01:35,124451711,56698243,CRITICO,6,Anta
1159,2023-05-11 13:01:33,108025150,45691898,NORMAL,6,Anta
1162,2023-05-11 13:01:35,123867344,56614834,NORMAL,6,Anta
1175,2023-05-11 13:01:33,123859549,56612108,NORMAL,6,Anta
1177,2023-05-11 13:01:47,103894647,19639235,NORMAL,6,Anta
1179,2023-05-11 13:01:46,67168983,4469,NORMAL,6,Anta
1217,2023-05-11 13:02:52,81384130,38686906,NORMAL,6,Anta
1223,2023-05-11 13:01:32,108621248,47615586,NORMAL,6,Anta
1226,2023-05-11 13:01:47,85469868,1762701,CRITICO,6,Anta
1230,2023-05-11 13:02:52,81398234,32665445,NORMAL,6,Anta
1235,2023-05-11 13:01:36,134499421,9569090,CRITICO,6,Anta
1236,2023-05-11 13:01:47,85648394,2362795,CRITICO,6,Anta
1238,2023-05-11 13:01:31,108626673,47616061,NORMAL,6,Anta
1244,2023-05-11 13:01:33,124448530,56697826,CRITICO,6,Anta
1245,2023-05-11 13:01:35,135375165,8061458,NORMAL,6,Anta
1247,2023-05-11 13:01:47,66993957,1664416,NORMAL,6,Anta
1261,2023-05-11 13:01:35,123859721,56612175,NORMAL,6,Anta
1276,2023-05-11 13:01:47,103901760,37628038,NORMAL,6,Anta
1292,2023-05-11 13:01:35,135073769,2761613,NORMAL,6,Anta
1295,2023-05-11 13:01:32,108626192,47615960,NORMAL,6,Anta
1297,2023-05-11 13:01:33,108610253,47614833,NORMAL,6,Anta
1334,2023-05-11 13:01:46,60840738,1069842,NORMAL,6,Anta
1343,2023-05-11 13:01:35,123867792,56615086,NORMAL,6,Anta
1347,2023-05-11 13:01:31,108626689,47616069,NORMAL,6,Anta
1358,2023-05-11 13:01:47,134991484,23647214,CRITICO,6,Anta
1377,2023-05-11 13:01:32,108626846,47616106,NORMAL,6,Anta
1378,2023-05-11 13:01:35,123859602,56612135,NORMAL,6,Anta
1383,2023-05-11 13:01:47,135566573,27652764,NORMAL,6,Anta
1392,2023-05-11 13:01:33,111199546,44629359,NORMAL,6,Anta
1397,2023-05-11 13:01:34,108626827,47616101,NORMAL,6,Anta
1400,2023-05-11 13:01:31,108627024,47616154,NORMAL,6,Anta
1404,2023-05-11 13:01:33,123859726,56612176,NORMAL,6,Anta
1406,2023-05-11 13:02:51,99435661,28675493,CRITICO,6,Anta
1407,2023-05-11 13:02:51,99435661,28675493,CRITICO,6,Anta
1409,2023-05-11 13:02:51,99435661,28675493,CRITICO,6,Anta
1410,2023-05-11 13:02:51,99435661,28675493,CRITICO,6,Anta
1418,2023-05-11 13:01:47,85437207,1762475,CRITICO,6,Anta
1426,2023-05-11 13:01:34,123861034,56612617,NORMAL,6,Anta
1431,2023-05-11 13:02:37,81302168,36623093,NORMAL,6,Anta
1446,2023-05-11 13:01:35,124359234,56680972,CRITICO,6,Anta
1449,2023-05-11 13:02:11,78372742,37632623,NORMAL,6,Anta
1480,2023-05-11 16:14:42,135491783,55681810,NORMAL,6,Anta
1484,2023-05-11 13:02:51,135024492,41676650,NORMAL,6,Anta
1524,2023-05-11 13:02:51,135024435,7467535,NORMAL,6,Anta
1526,2023-05-11 13:01:32,108610717,47615083,NORMAL,6,Anta
1530,2023-05-11 13:01:31,105116171,40666484,NORMAL,6,Anta
1536,2023-05-11 13:01:32,108610476,47614939,NORMAL,6,Anta
1547,2023-05-11 13:01:33,108610085,47614751,NORMAL,6,Anta
1562,2023-05-11 13:01:46,78376131,656610,NORMAL,6,Anta
1566,2023-05-11 13:02:51,135023339,21652075,NORMAL,6,Anta
1584,2023-05-11 13:01:33,123864897,56613806,NORMAL,6,Anta
1586,2023-05-11 13:02:48,81369159,12677486,NORMAL,6,Anta
1591,2023-05-11 13:02:51,122555003,45663579,CRITICO,6,Anta
1603,2023-05-11 13:01:34,108610004,47614713,NORMAL,6,Anta
1604,2023-05-11 13:01:34,108610287,47614852,NORMAL,6,Anta
1616,2023-05-11 13:01:46,85525360,1066022,NORMAL,6,Anta
1634,2023-05-11 13:01:33,123864010,56613556,NORMAL,6,Anta
1650,2023-05-11 13:01:46,76099038,1661302,NORMAL,6,Anta
1651,2023-05-11 13:01:31,125864871,42628255,NORMAL,6,Anta
1666,2023-05-11 13:01:46,89111021,1268312,NORMAL,6,Anta
1700,2023-05-11 13:01:31,108627124,47605230,NORMAL,6,Anta
1707,2023-05-11 13:01:46,79981050,466609,NORMAL,6,Anta
1708,2023-05-11 16:14:35,135008625,55665609,NORMAL,6,Anta
1711,2023-05-11 13:01:32,108610658,47615043,NORMAL,6,Anta
1713,2023-05-11 13:01:34,123862952,56613234,NORMAL,6,Anta
1715,2023-05-11 13:01:45,69283330,9669260,CRITICO,6,Anta
1718,2023-05-11 13:02:50,81373942,27616076,NORMAL,6,Anta
1722,2023-05-11 13:01:33,123864854,56613796,NORMAL,6,Anta
1723,2023-05-11 13:01:45,62894934,2761299,NORMAL,6,Anta
1728,2023-05-11 13:01:46,78832828,1363704,NORMAL,6,Anta
1729,2023-05-11 13:01:31,135073874,47615283,NORMAL,6,Anta
1736,2023-05-11 13:01:52,55506384,31685869,NORMAL,6,Anta
1737,2023-05-11 13:01:54,55506384,31685869,NORMAL,6,Anta
1739,2023-05-11 13:02:50,135018717,24668746,NORMAL,6,Anta
1760,2023-05-11 13:02:50,135017989,36611415,NORMAL,6,Anta
1761,2023-05-11 13:01:32,108615343,47615323,NORMAL,6,Anta
1791,2023-05-11 13:01:46,86047988,1366062,NORMAL,6,Anta
1800,2023-05-11 13:02:50,135018314,45688186,NORMAL,6,Anta
1805,2023-05-11 13:02:10,132560725,36601427,CRITICO,6,Anta
1826,2023-05-11 13:02:49,135017080,44669467,NORMAL,6,Anta
1835,2023-05-11 13:02:49,135016589,16606154,NORMAL,6,Anta
1839,2023-05-11 13:01:31,108609610,47614519,NORMAL,6,Anta
1844,2023-05-11 13:02:49,135016873,38659503,NORMAL,6,Anta
1854,2023-05-11 13:01:46,85417046,676503,CRITICO,6,Anta
1869,2023-05-11 13:01:31,108625096,47615815,NORMAL,6,Anta
1881,2023-05-11 13:02:49,135017286,45632879,NORMAL,6,Anta
1890,2023-05-11 13:02:49,67274443,36696345,CRITICO,6,Anta
1893,2023-05-11 13:01:45,82161975,126431,NORMAL,6,Anta
1895,2023-05-11 13:01:31,108627059,47616162,NORMAL,6,Anta
1903,2023-05-11 13:01:34,108610379,47614892,NORMAL,6,Anta
1910,2023-05-11 13:01:38,130006619,20621720,NORMAL,6,Anta
1950,2023-05-11 13:01:31,108610565,47614989,NORMAL,6,Anta
1952,2023-05-11 13:01:46,78835567,326324,NORMAL,6,Anta
1960,2023-05-11 13:01:45,60252471,7365124,CRITICO,6,Anta
1978,2023-05-11 13:01:45,103421238,37651666,NORMAL,6,Anta
1986,2023-05-11 13:01:31,108611175,47615141,NORMAL,6,Anta
1992,2023-05-11 13:01:45,124064773,12657053,CRITICO,6,Anta
2001,2023-05-11 13:02:48,135015056,30662904,NORMAL,6,Anta
2002,2023-05-11 13:02:48,135012683,56639716,NORMAL,6,Anta
2009,2023-05-11 13:01:45,71194317,20676689,NORMAL,6,Anta
2011,2023-05-11 13:01:46,85922464,1862213,NORMAL,6,Anta
2018,2023-05-11 13:01:45,62652183,14623981,CRITICO,6,Anta
2029,2023-05-11 13:01:31,103318603,40608865,NORMAL,6,Anta
2039,2023-05-11 13:01:45,71359262,6166489,NORMAL,6,Anta
2041,2023-05-11 13:01:45,67558449,20604156,NORMAL,6,Anta
2043,2023-05-11 13:01:32,122272320,44647203,CRITICO,6,Anta
2045,2023-05-11 13:01:45,75780700,1569733,NORMAL,6,Anta
2088,2023-05-11 13:02:48,135014845,3967401,NORMAL,6,Anta
2092,2023-05-11 13:01:32,123865147,44620811,NORMAL,6,Anta
2102,2023-05-11 13:02:48,135014446,57697900,NORMAL,6,Anta
2106,2023-05-11 13:01:45,53556234,11603343,NORMAL,6,Anta
2129,2023-05-11 13:02:48,135013554,40665288,NORMAL,6,Anta
2132,2023-05-11 13:01:31,108610499,47614954,NORMAL,6,Anta
2137,2023-05-11 13:02:48,81369159,12677486,NORMAL,6,Anta
2147,2023-05-11 13:01:30,108625828,46694941,NORMAL,6,Anta
2161,2023-05-11 13:01:31,108616616,42655889,NORMAL,6,Anta
2173,2023-05-11 13:01:32,125861272,45689591,NORMAL,6,Anta
2210,2023-05-11 13:01:31,108610570,47614995,NORMAL,6,Anta
2213,2023-05-11 13:02:47,130392676,56613554,NORMAL,6,Anta
2214,2023-05-11 13:02:47,130392676,56613554,NORMAL,6,Anta
2215,2023-05-11 13:02:47,130392676,56613554,NORMAL,6,Anta
2216,2023-05-11 13:02:47,130392676,56613554,NORMAL,6,Anta
2223,2023-05-11 13:02:47,135009459,49681863,NORMAL,6,Anta
2229,2023-05-11 13:02:47,135009197,3860463,NORMAL,6,Anta
2243,2023-05-11 13:01:38,134502709,44643406,CRITICO,6,Anta
2252,2023-05-11 13:02:47,135008772,33617613,NORMAL,6,Anta
2287,2023-05-11 13:01:31,81521493,40648992,NORMAL,6,Anta
2311,2023-05-11 13:02:47,135006628,37626430,NORMAL,6,Anta
2318,2023-05-11 13:02:47,135007483,51647492,NORMAL,6,Anta
2323,2023-05-11 13:01:32,108626930,47616129,NORMAL,6,Anta
2331,2023-05-11 13:02:47,99375325,45667442,NORMAL,6,Anta
2335,2023-05-11 13:02:47,99375325,45667442,NORMAL,6,Anta
2336,2023-05-11 13:02:47,99375325,45667442,NORMAL,6,Anta
2337,2023-05-11 13:02:47,99375325,45667442,NORMAL,6,Anta
2371,2023-05-11 13:01:33,108610670,47615050,NORMAL,6,Anta
2435,2023-05-11 13:01:38,126407320,24606977,CRITICO,6,Anta
2452,2023-05-11 13:02:46,81365153,12684126,NORMAL,6,Anta
2483,2023-05-11 13:01:35,133965535,4465520,NORMAL,6,Anta
2509,2023-05-11 13:01:30,121571934,46619157,NORMAL,6,Anta
2519,2023-05-11 13:01:30,123865443,37619070,NORMAL,6,Anta
2522,2023-05-11 13:02:46,135002264,57607029,NORMAL,6,Anta
2533,2023-05-11 13:01:32,108625353,39668341,NORMAL,6,Anta
2543,2023-05-11 13:01:30,121585043,38666192,NORMAL,6,Anta
2556,2023-05-11 13:01:30,108609965,47614692,NORMAL,6,Anta
2624,2023-05-11 13:02:45,134949925,32603944,CRITICO,6,Anta
2628,2023-05-11 13:02:45,81351140,31698930,NORMAL,6,Anta
2629,2023-05-11 13:01:30,123863687,39667032,NORMAL,6,Anta
2646,2023-05-11 13:02:43,130739992,57691402,NORMAL,6,Anta
2651,2023-05-11 13:02:45,134947590,44627479,CRITICO,6,Anta
2660,2023-05-11 13:01:43,7737745,6565831,NORMAL,6,Anta
2666,2023-05-11 13:02:43,130739992,57691402,NORMAL,6,Anta
2733,2023-05-11 13:02:43,67252726,36682254,CRITICO,6,Anta
2746,2023-05-11 13:02:43,130739992,57691402,NORMAL,6,Anta
2753,2023-05-11 13:02:43,130739992,57691402,NORMAL,6,Anta
2789,2023-05-11 13:01:30,109932170,45634090,NORMAL,6,Anta
2810,2023-05-11 13:01:33,67273114,36695496,CRITICO,6,Anta
2812,2023-05-11 13:01:31,123863267,41671336,NORMAL,6,Anta
2848,2023-05-11 13:01:40,12034588,9768458,NORMAL,6,Anta
2898,2023-05-11 13:02:43,134938460,44611933,CRITICO,6,Anta
2904,2023-05-11 13:02:43,134938499,44625024,CRITICO,6,Anta
2910,2023-05-11 13:02:43,134938475,44624052,CRITICO,6,Anta
2928,2023-05-11 13:02:43,67252726,36682254,CRITICO,6,Anta
2935,2023-05-11 13:02:43,130739992,57691402,NORMAL,6,Anta
2936,2023-05-11 13:02:43,134939355,42695715,CRITICO,6,Anta
2940,2023-05-11 13:02:43,134938443,44608016,CRITICO,6,Anta
2943,2023-05-11 13:02:43,134939328,7262784,CRITICO,6,Anta
2982,2023-05-11 13:01:31,108609914,47614665,NORMAL,6,Anta
3027,2023-05-11 13:02:42,134938474,44623757,CRITICO,6,Anta
3038,2023-05-11 13:02:42,134937740,4362932,CRITICO,6,Anta
3050,2023-05-11 13:01:32,108623323,47615694,NORMAL,6,Anta
3053,2023-05-11 13:01:29,109934036,37607232,NORMAL,6,Anta
3059,2023-05-11 13:02:42,134938413,38635442,CRITICO,6,Anta
3065,2023-05-11 13:01:40,99087402,45604933,NORMAL,6,Anta
3066,2023-05-11 13:02:42,134938467,44616790,CRITICO,6,Anta
3068,2023-05-11 13:02:42,130739992,57691402,NORMAL,6,Anta
3071,2023-05-11 13:01:30,111198603,45636946,NORMAL,6,Anta
3072,2023-05-11 16:13:55,130371176,44690488,NORMAL,6,Anta
3075,2023-05-11 16:13:55,135573801,45608856,NORMAL,6,Anta
3090,2023-05-11 13:01:31,108627359,47616282,NORMAL,6,Anta
3096,2023-05-11 13:02:42,134938203,43630232,CRITICO,6,Anta
3115,2023-05-11 13:01:40,44412143,27691758,CRITICO,6,Anta
3134,2023-05-11 13:01:40,79870565,40665053,NORMAL,6,Anta
3140,2023-05-11 13:01:29,108019918,44630336,NORMAL,6,Anta
3151,2023-05-11 13:02:41,134937278,31682858,CRITICO,6,Anta
3161,2023-05-11 13:01:31,122557454,44615558,CRITICO,6,Anta
3173,2023-05-11 13:02:41,134937815,33660071,CRITICO,6,Anta
3179,2023-05-11 13:02:41,134937115,37680025,CRITICO,6,Anta
3189,2023-05-11 13:01:31,123861874,39661617,NORMAL,6,Anta
3230,2023-05-11 13:02:41,134937531,39692660,CRITICO,6,Anta
3235,2023-05-11 13:02:41,134936747,33661097,CRITICO,6,Anta
3240,2023-05-11 13:02:00,55506384,31685869,NORMAL,6,Anta
3242,2023-05-11 13:01:40,44130295,27641837,NORMAL,6,Anta
3259,2023-05-11 13:02:40,81280952,29670475,CRITICO,6,Anta
3268,2023-05-11 13:01:40,44308961,27661163,NORMAL,6,Anta
3283,2023-05-11 13:01:35,134502423,9569427,CRITICO,6,Anta
3288,2023-05-11 13:02:40,134937098,37623218,CRITICO,6,Anta
3293,2023-05-11 13:02:40,134937077,36660294,CRITICO,6,Anta
3311,2023-05-11 13:02:40,134936943,36669421,CRITICO,6,Anta
3316,2023-05-11 13:02:40,134935791,1669278,CRITICO,6,Anta
3324,2023-05-11 13:01:30,125866914,31619085,NORMAL,6,Anta
3325,2023-05-11 13:01:30,122558361,39672595,CRITICO,6,Anta
3328,2023-05-11 13:01:35,123867186,56614742,NORMAL,6,Anta
3345,2023-05-11 13:01:38,134501484,41668369,CRITICO,6,Anta
3346,2023-05-11 13:01:37,126410612,5162664,CRITICO,6,Anta
3377,2023-05-11 13:01:27,108023741,8464807,NORMAL,6,Anta
3378,2023-05-11 13:01:35,123867922,56615169,NORMAL,6,Anta
3389,2023-05-11 13:01:35,123860272,56612358,NORMAL,6,Anta
3401,2023-05-11 13:01:35,123860818,56612549,NORMAL,6,Anta
3406,2023-05-11 13:01:29,132677012,39681971,CRITICO,6,Anta
3410,2023-05-11 13:01:37,130009125,6365518,NORMAL,6,Anta
3413,2023-05-11 13:01:37,133969415,22602081,NORMAL,6,Anta
3420,2023-05-11 13:01:28,123861083,2760841,NORMAL,6,Anta
3430,2023-05-11 13:01:38,134499758,44611829,CRITICO,6,Anta
3433,2023-05-11 13:01:38,134500553,32664012,CRITICO,6,Anta
3440,2023-05-11 13:01:37,134501141,40626637,CRITICO,6,Anta
3450,2023-05-11 13:01:35,123865657,56614080,NORMAL,6,Anta
3452,2023-05-11 13:01:28,125863095,4463396,NORMAL,6,Anta
3468,2023-05-11 13:01:35,135075838,4960391,NORMAL,6,Anta
3471,2023-05-11 13:01:35,124450272,56698009,CRITICO,6,Anta
3473,2023-05-11 13:01:36,135376421,21638894,NORMAL,6,Anta
3497,2023-05-11 13:01:35,123867864,56615130,NORMAL,6,Anta
3508,2023-05-11 13:01:34,123863226,56613329,NORMAL,6,Anta
3520,2023-05-11 13:01:35,123865808,56614144,NORMAL,6,Anta
3521,2023-05-11 13:01:35,123861466,56612739,NORMAL,6,Anta
3530,2023-05-11 13:00:37,103332062,46602185,NORMAL,6,Anta
3544,2023-05-11 13:02:39,134936497,12689931,CRITICO,6,Anta
3559,2023-05-11 13:00:37,99348450,45664286,NORMAL,6,Anta
3563,2023-05-11 13:01:36,135066998,3261528,NORMAL,6,Anta
3587,2023-05-11 13:01:35,123861975,56612899,NORMAL,6,Anta
3592,2023-05-11 13:01:30,105121073,45689833,NORMAL,6,Anta
3596,2023-05-11 13:01:35,123863057,56613265,NORMAL,6,Anta
3623,2023-05-11 13:01:34,108625216,47615831,NORMAL,6,Anta
3624,2023-05-11 13:01:34,123862437,56613062,NORMAL,6,Anta
3625,2023-05-11 13:01:30,108020379,44631033,NORMAL,6,Anta
3644,2023-05-11 13:01:34,123865067,56613870,NORMAL,6,Anta
3650,2023-05-11 13:01:35,134499181,11697737,CRITICO,6,Anta
3658,2023-05-11 13:01:34,123867785,56615080,NORMAL,6,Anta
3659,2023-05-11 13:01:36,134500925,25670368,CRITICO,6,Anta
3687,2023-05-11 13:01:34,124450138,56697994,CRITICO,6,Anta
3701,2023-05-11 13:01:34,123866632,56614474,NORMAL,6,Anta
3725,2023-05-11 13:01:29,108027108,3565275,NORMAL,6,Anta
3726,2023-05-11 13:01:28,121570420,20697761,NORMAL,6,Anta
3727,2023-05-11 13:01:34,108609523,47614480,NORMAL,6,Anta
3737,2023-05-11 13:01:27,121575765,5265688,NORMAL,6,Anta
3747,2023-05-11 13:01:34,123868089,56615278,NORMAL,6,Anta
3762,2023-05-11 13:01:34,123859145,56611965,NORMAL,6,Anta
3793,2023-05-11 13:01:29,108020037,40667318,NORMAL,6,Anta
3804,2023-05-11 13:01:34,123866258,56614319,NORMAL,6,Anta
3808,2023-05-11 13:02:39,134812052,9961669,CRITICO,6,Anta
3812,2023-05-11 13:01:33,124450073,56697983,CRITICO,6,Anta
3815,2023-05-11 13:01:34,108611132,47615140,NORMAL,6,Anta
3819,2023-05-11 13:00:37,99329620,38649372,NORMAL,6,Anta
3821,2023-05-11 13:02:37,81302168,36623093,NORMAL,6,Anta
3840,2023-05-11 13:01:33,108609825,47614631,NORMAL,6,Anta
3845,2023-05-11 13:01:33,123860924,56612579,NORMAL,6,Anta
3848,2023-05-11 13:01:28,123867200,2063236,NORMAL,6,Anta
3857,2023-05-11 13:01:33,103332328,46602306,NORMAL,6,Anta
3860,2023-05-11 13:01:28,111197758,32631950,NORMAL,6,Anta
3864,2023-05-11 13:01:33,108609229,47614325,NORMAL,6,Anta
3870,2023-05-11 13:01:34,108626742,47616082,NORMAL,6,Anta
3879,2023-05-11 13:01:29,109930997,1664875,NORMAL,6,Anta
3892,2023-05-11 13:01:34,123866888,56614603,NORMAL,6,Anta
3899,2023-05-11 13:01:34,108627106,47616176,NORMAL,6,Anta
3904,2023-05-11 13:01:29,108027207,40649156,NORMAL,6,Anta
3911,2023-05-11 13:01:33,124451546,56698215,CRITICO,6,Anta
3920,2023-05-11 13:01:33,123865666,56614083,NORMAL,6,Anta
3925,2023-05-11 13:01:34,123868178,56615331,NORMAL,6,Anta
3937,2023-05-11 13:00:37,99445268,2668560,CRITICO,6,Anta
3949,2023-05-11 13:01:33,123864067,56613569,NORMAL,6,Anta
3950,2023-05-11 13:01:34,108616455,47615376,NORMAL,6,Anta
3954,2023-05-11 13:01:27,109939419,31633886,NORMAL,6,Anta
3957,2023-05-11 13:01:28,124098414,40629347,CRITICO,6,Anta
3959,2023-05-11 13:01:28,124451051,2063008,CRITICO,6,Anta
3978,2023-05-11 13:01:34,123860330,56612391,NORMAL,6,Anta
3979,2023-05-11 13:01:26,103331463,46601923,NORMAL,6,Anta
3989,2023-05-11 13:00:37,103332626,46602421,NORMAL,6,Anta
3990,2023-05-11 13:00:37,99455000,45677839,CRITICO,6,Anta
4009,2023-05-11 13:02:24,80643628,31651559,CRITICO,6,Anta
4010,2023-05-11 13:01:34,123866976,56614649,NORMAL,6,Anta
4021,2023-05-11 13:00:52,99361071,16620153,NORMAL,6,Anta
4023,2023-05-11 13:01:37,133968349,6166914,NORMAL,6,Anta
4032,2023-05-11 13:01:37,126405200,32609651,CRITICO,6,Anta
4037,2023-05-11 13:00:37,126217847,27671095,CRITICO,6,Anta
4045,2023-05-11 13:01:34,108610238,47614827,NORMAL,6,Anta
4052,2023-05-11 13:01:28,108028230,20629896,NORMAL,6,Anta
4053,2023-05-11 13:01:37,134499008,34681179,CRITICO,6,Anta
4067,2023-05-11 13:02:38,134641534,44627460,CRITICO,6,Anta
4077,2023-05-11 13:02:38,134641533,44623603,CRITICO,6,Anta
4088,2023-05-11 13:01:24,102946569,43659240,CRITICO,6,Anta
4093,2023-05-11 13:01:32,108625755,47615887,NORMAL,6,Anta
4133,2023-05-11 13:02:38,134641527,44616891,CRITICO,6,Anta
4136,2023-05-11 13:01:28,123860010,6467251,NORMAL,6,Anta
4149,2023-05-11 13:01:36,135068065,2267458,NORMAL,6,Anta
4184,2023-05-11 13:01:28,123862249,606583,NORMAL,6,Anta
4191,2023-05-11 13:01:24,103668521,46697332,NORMAL,6,Anta
4198,2023-05-11 13:01:35,124450944,56698107,CRITICO,6,Anta
4199,2023-05-11 13:01:35,124450913,56698098,CRITICO,6,Anta
4201,2023-05-11 13:01:35,123865973,56614208,NORMAL,6,Anta
4225,2023-05-11 13:01:35,123865897,56614174,NORMAL,6,Anta
4240,2023-05-11 13:01:35,123868359,56609218,NORMAL,6,Anta
4245,2023-05-11 13:01:35,123859677,56612160,NORMAL,6,Anta
4246,2023-05-11 13:01:27,108024123,23629813,NORMAL,6,Anta
4248,2023-05-11 13:01:34,123865059,56613867,NORMAL,6,Anta
4252,2023-05-11 13:01:27,103334232,46603146,NORMAL,6,Anta
4265,2023-05-11 13:01:26,103329484,46601186,NORMAL,6,Anta
4267,2023-05-11 13:01:27,121577363,7562901,NORMAL,6,Anta
4277,2023-05-11 13:01:34,123860952,56612593,NORMAL,6,Anta
4278,2023-05-11 13:01:28,108609887,39655473,NORMAL,6,Anta
4284,2023-05-11 13:01:34,124359251,56680973,CRITICO,6,Anta
4300,2023-05-11 13:01:27,109932899,27607414,NORMAL,6,Anta
4310,2023-05-11 13:01:25,103326062,46600207,NORMAL,6,Anta
4324,2023-05-11 13:01:27,108020334,20644351,NORMAL,6,Anta
4330,2023-05-11 13:01:33,108609945,47614679,NORMAL,6,Anta
4331,2023-05-11 13:01:51,132714019,37663229,CRITICO,6,Anta
4332,2023-05-11 13:01:28,109937220,35607402,NORMAL,6,Anta
4336,2023-05-11 13:01:32,108610012,47614715,NORMAL,6,Anta
4364,2023-05-11 13:01:27,103333293,46602695,NORMAL,6,Anta
4369,2023-05-11 13:01:33,108625665,47615880,NORMAL,6,Anta
4375,2023-05-11 13:01:32,125862185,46610308,NORMAL,6,Anta
4382,2023-05-11 13:01:27,108021478,2664839,NORMAL,6,Anta
4383,2023-05-11 13:01:33,123865106,56613882,NORMAL,6,Anta
4386,2023-05-11 13:02:36,67258106,36685724,CRITICO,6,Anta
4395,2023-05-11 13:00:36,121575733,23675257,NORMAL,6,Anta
4399,2023-05-11 13:01:33,123861189,56612657,NORMAL,6,Anta
4401,2023-05-11 13:01:27,103328204,46600757,NORMAL,6,Anta
4402,2023-05-11 13:01:27,103336255,46604428,NORMAL,6,Anta
4403,2023-05-11 13:01:33,123860894,56612570,NORMAL,6,Anta
4407,2023-05-11 13:01:25,103330514,44641041,NORMAL,6,Anta
4416,2023-05-11 13:01:33,123863078,56613272,NORMAL,6,Anta
4424,2023-05-11 13:01:27,103336329,46604490,NORMAL,6,Anta
4427,2023-05-11 13:01:33,123867014,56614659,NORMAL,6,Anta
4447,2023-05-11 13:02:37,134640815,12633136,CRITICO,6,Anta
4453,2023-05-11 13:02:37,81302168,36623093,NORMAL,6,Anta
4462,2023-05-11 13:01:33,123861896,56612869,NORMAL,6,Anta
4467,2023-05-11 13:01:33,123861808,12697507,NORMAL,6,Anta
4468,2023-05-11 13:01:27,111198081,11620549,NORMAL,6,Anta
4470,2023-05-11 13:01:27,103331894,46602114,NORMAL,6,Anta
4481,2023-05-11 13:01:27,103336055,46604282,NORMAL,6,Anta
4496,2023-05-11 13:01:27,103332353,46602314,NORMAL,6,Anta
4502,2023-05-11 13:02:35,67233131,36669563,CRITICO,6,Anta
4505,2023-05-11 13:01:27,103330085,46601378,NORMAL,6,Anta
4515,2023-05-11 13:01:27,103332486,46602362,NORMAL,6,Anta
4530,2023-05-11 13:01:33,125864344,46625717,NORMAL,6,Anta
4552,2023-05-11 13:00:36,99310564,45659639,NORMAL,6,Anta
4566,2023-05-11 13:02:37,80783878,31688877,NORMAL,6,Anta
4569,2023-05-11 13:01:32,123868458,56615501,NORMAL,6,Anta
4576,2023-05-11 13:01:32,108610799,47615126,NORMAL,6,Anta
4579,2023-05-11 13:01:32,108617260,47615405,NORMAL,6,Anta
4585,2023-05-11 13:01:27,103331281,46601846,NORMAL,6,Anta
4589,2023-05-11 13:01:26,103325389,46600049,NORMAL,6,Anta
4591,2023-05-11 13:01:25,99423063,45672942,CRITICO,6,Anta
4598,2023-05-11 13:01:27,103328766,46600938,NORMAL,6,Anta
4603,2023-05-11 13:00:51,99439373,41663213,CRITICO,6,Anta
4605,2023-05-11 13:01:24,103335057,43627333,NORMAL,6,Anta
4613,2023-05-11 13:01:24,102946014,40658865,CRITICO,6,Anta
4618,2023-05-11 13:01:32,108612484,45689003,NORMAL,6,Anta
4623,2023-05-11 13:01:32,108624206,47615757,NORMAL,6,Anta
4625,2023-05-11 13:01:32,108610211,47614810,NORMAL,6,Anta
4628,2023-05-11 13:00:36,99351120,45664562,NORMAL,6,Anta
4636,2023-05-11 13:01:26,103667463,46697024,NORMAL,6,Anta
4638,2023-05-11 13:01:32,108609867,47614653,NORMAL,6,Anta
4641,2023-05-11 13:01:34,123864427,46672358,NORMAL,6,Anta
4656,2023-05-11 13:00:36,102912449,45664317,CRITICO,6,Anta
4658,2023-05-11 13:01:34,108620712,47615556,NORMAL,6,Anta
4664,2023-05-11 13:01:34,123865037,56613859,NORMAL,6,Anta
4665,2023-05-11 13:01:34,108609454,47614446,NORMAL,6,Anta
4671,2023-05-11 13:01:34,123864937,56613821,NORMAL,6,Anta
4672,2023-05-11 13:01:24,103668887,46697435,NORMAL,6,Anta
4683,2023-05-11 13:01:27,103335176,46603677,NORMAL,6,Anta
4697,2023-05-11 13:01:33,124450314,56698017,CRITICO,6,Anta
4698,2023-05-11 13:01:33,109927416,46624919,NORMAL,6,Anta
4714,2023-05-11 13:01:25,102942441,44615713,CRITICO,6,Anta
4717,2023-05-11 13:01:24,103667292,46696987,NORMAL,6,Anta
4726,2023-05-11 13:01:33,123861569,56612763,NORMAL,6,Anta
4731,2023-05-11 13:01:32,121585058,45632467,NORMAL,6,Anta
4732,2023-05-11 13:01:33,123863414,56613377,NORMAL,6,Anta
4735,2023-05-11 13:01:24,103668263,46697243,NORMAL,6,Anta
4751,2023-05-11 13:02:34,67246544,36678223,CRITICO,6,Anta
4759,2023-05-11 13:02:36,130739992,57691402,NORMAL,6,Anta
4788,2023-05-11 13:01:34,123863326,56613356,NORMAL,6,Anta
4790,2023-05-11 13:01:34,123861275,56612683,NORMAL,6,Anta
4795,2023-05-11 13:01:34,123868235,56615372,NORMAL,6,Anta
4797,2023-05-11 13:02:36,134634711,31634228,CRITICO,6,Anta
4800,2023-05-11 13:00:36,99466629,45680684,CRITICO,6,Anta
4805,2023-05-11 13:01:34,131199458,56614065,NORMAL,6,Anta
4818,2023-05-11 13:01:33,123863755,56613479,NORMAL,6,Anta
4821,2023-05-11 13:01:33,123859715,56612171,NORMAL,6,Anta
4829,2023-05-11 13:01:33,108625243,47615833,NORMAL,6,Anta
4830,2023-05-11 13:02:36,67258106,36685724,CRITICO,6,Anta
4833,2023-05-11 13:01:33,123867366,56614848,NORMAL,6,Anta
4834,2023-05-11 13:01:33,123862668,56613137,NORMAL,6,Anta
4836,2023-05-11 13:01:25,99280301,45656602,CRITICO,6,Anta
4879,2023-05-11 13:01:30,135342907,40633788,NORMAL,6,Anta
4899,2023-05-11 13:01:32,108627329,47616274,NORMAL,6,Anta
4905,2023-05-11 13:01:33,124450713,56698066,CRITICO,6,Anta
4948,2023-05-11 13:01:31,123862153,6460858,NORMAL,6,Anta
4949,2023-05-11 13:01:25,102962301,44630901,CRITICO,6,Anta
4952,2023-05-11 13:01:32,123859357,47610971,NORMAL,6,Anta
4959,2023-05-11 13:02:36,134626295,45643937,CRITICO,6,Anta
4960,2023-05-11 13:01:32,108609726,47614578,NORMAL,6,Anta
4961,2023-05-11 13:01:33,123863917,56613526,NORMAL,6,Anta
4992,2023-05-11 13:01:32,135360002,10662575,NORMAL,6,Anta
4998,2023-05-11 13:01:31,108610312,47614865,NORMAL,6,Anta
